策划备注 1物品 2掉落组 3铜钱 4经验 5职业武器 6金币 7灵力 8法宝晶石 9补品球,掉落组ID,掉落0权重,掉落0类型,掉落0参数,掉落0数量,掉落1权重,掉落1类型,掉落1参数,掉落1数量,掉落2权重,掉落2类型,掉落2参数,掉落2数量,掉落3权重,掉落3类型,掉落3参数,掉落3数量,掉落4权重,掉落4类型,掉落4参数,掉落4数量,掉落5权重,掉落5类型,掉落5参数,掉落5数量,掉落6权重,掉落6类型,掉落6参数,掉落6数量,掉落7权重,掉落7类型,掉落7参数,掉落7数量,掉落8权重,掉落8类型,掉落8参数,掉落8数量,掉落9权重,掉落9类型,掉落9参数,掉落9数量
,id,drop_0_weight,drop_0_type,drop_0_parameter,drop_0_num,drop_1_weight,drop_1_type,drop_1_parameter,drop_1_num,drop_2_weight,drop_2_type,drop_2_parameter,drop_2_num,drop_3_weight,drop_3_type,drop_3_parameter,drop_3_num,drop_4_weight,drop_4_type,drop_4_parameter,drop_4_num,drop_5_weight,drop_5_type,drop_5_parameter,drop_5_num,drop_6_weight,drop_6_type,drop_6_parameter,drop_6_num,drop_7_weight,drop_7_type,drop_7_parameter,drop_7_num,drop_8_weight,drop_8_type,drop_8_parameter,drop_8_num,drop_9_weight,drop_9_type,drop_9_parameter,drop_9_num
金角八卦随机,1,100,1,8100001,1,200,1,8100002,2,300,1,8100003,3,400,1,8100004,4,500,1,8100005,4,600,1,8100006,6,700,1,8100007,7,800,1,8100008,8,,,,,,,,
金角boss掉落 20%装备 30%八卦 20%经验 20%钱 10%金币,2,20,2,3,,30,2,1,,20,3,10000,,20,4,5000,,10,6,10,,,,,,,,,,,,,,,,,,,,,
10级 绿 头手胸腿,3,1,1,5022010,1,1,1,5022020,1,1,1,5022030,1,1,1,5022040,1,1,5,5022000,,,,,,,,,,,,,,,,,,,,,
任务给八卦,4,1,1,8100001,1,,,,,,,,,,,,,,,,,,,,,,,,,,,,,,,,,,,,
10级绿武器 职业选择,5,5,5,5022100,1,,,,,,,,,,,,,,,,,,,,,,,,,,,,,,,,,,,,
,6,,,,,,,,,,,,,,,,,,,,,,,,,,,,,,,,,,,,,,,,
10级绿棍,7,1,1,5022101,1,,,,,,,,,,,,,,,,,,,,,,,,,,,,,,,,,,,,
10级绿环,8,1,1,5022102,1,,,,,,,,,,,,,,,,,,,,,,,,,,,,,,,,,,,,
10级绿剑,9,1,1,5022103,1,,,,,,,,,,,,,,,,,,,,,,,,,,,,,,,,,,,,
10级绿鞭,10,1,1,5022104,1,,,,,,,,,,,,,,,,,,,,,,,,,,,,,,,,,,,,
10级绿肩膀,11,1,1,5022010,1,,,,,,,,,,,,,,,,,,,,,,,,,,,,,,,,,,,,
10级绿手套,12,1,1,5022020,1,,,,,,,,,,,,,,,,,,,,,,,,,,,,,,,,,,,,
10级绿帽子,13,1,1,5022030,1,,,,,,,,,,,,,,,,,,,,,,,,,,,,,,,,,,,,
10级绿项链,14,1,1,5022040,1,,,,,,,,,,,,,,,,,,,,,,,,,,,,,,,,,,,,
10级绿衣服,15,1,1,5022050,1,,,,,,,,,,,,,,,,,,,,,,,,,,,,,,,,,,,,
10级绿裤子,16,1,1,5022060,1,,,,,,,,,,,,,,,,,,,,,,,,,,,,,,,,,,,,
10级绿鞋子,17,1,1,5022070,1,,,,,,,,,,,,,,,,,,,,,,,,,,,,,,,,,,,,
10级绿腰带,18,1,1,5022080,1,,,,,,,,,,,,,,,,,,,,,,,,,,,,,,,,,,,,
10级绿玉佩,19,1,1,5022090,1,,,,,,,,,,,,,,,,,,,,,,,,,,,,,,,,,,,,
随机礼包测试,20,1,1,5022090,3,1,1,5022070,2,2,1,5022050,1,,,,,,,,,,,,,,,,,,,,,,,,,,,,
,,,,,,,,,,,,,,,,,,,,,,,,,,,,,,,,,,,,,,,,,
,,,,,,,,,,,,,,,,,,,,,,,,,,,,,,,,,,,,,,,,,
精英本特殊掉落,50,1,1,5043060,1,,,,,,,,,,,,,,,,,,,,,,,,,,,,,,,,,,,,
精英本特殊掉落,51,1,1,5043020,1,,,,,,,,,,,,,,,,,,,,,,,,,,,,,,,,,,,,
精英本特殊掉落,52,1,1,5043050,1,,,,,,,,,,,,,,,,,,,,,,,,,,,,,,,,,,,,
精英本特殊掉落,53,1,1,5043070,1,,,,,,,,,,,,,,,,,,,,,,,,,,,,,,,,,,,,
精英本特殊掉落,54,1,1,5043090,1,,,,,,,,,,,,,,,,,,,,,,,,,,,,,,,,,,,,
,,,,,,,,,,,,,,,,,,,,,,,,,,,,,,,,,,,,,,,,,
,,,,,,,,,,,,,,,,,,,,,,,,,,,,,,,,,,,,,,,,,
,,,,,,,,,,,,,,,,,,,,,,,,,,,,,,,,,,,,,,,,,
,100,,,,,,,,,,,,,,,,,,,,,,,,,,,,,,,,,,,,,,,,
宝石探索1,101,10,2,111,,,,,,,,,,,,,,,,,,,,,,,,,,,,,,,,,,,,,
宝石探索2,102,6,2,111,,4,2,112,,,,,,,,,,,,,,,,,,,,,,,,,,,,,,,,,
宝石探索3,103,40,2,111,,35,2,112,,25,2,113,,,,,,,,,,,,,,,,,,,,,,,,,,,,,
宝石探索4,104,6,2,112,,3,2,113,,1,2,114,,,,,,,,,,,,,,,,,,,,,,,,,,,,,
宝石探索5,105,6,2,113,,3,2,114,,1,2,115,,,,,,,,,,,,,,,,,,,,,,,,,,,,,
,,,,,,,,,,,,,,,,,,,,,,,,,,,,,,,,,,,,,,,,,
1阶宝石,111,100,1,3010001,1,100,1,3020001,1,100,1,3030001,1,,,,,,,,,,,,,,,,,,,,,,,,,,,,
2阶宝石,112,100,1,3010002,1,100,1,3020002,1,100,1,3030002,1,40,1,3050002,1,80,1,3060002,1,,,,,,,,,,,,,,,,,,,,
3阶宝石,113,100,1,3010003,1,100,1,3020003,1,100,1,3030003,1,40,1,3050003,1,80,1,3060003,1,,,,,,,,,,,,,,,,,,,,
4阶宝石,114,100,1,3010004,1,100,1,3020004,1,100,1,3030004,1,40,1,3050004,1,80,1,3060004,1,,,,,,,,,,,,,,,,,,,,
5阶宝石,115,100,1,3010005,1,100,1,3020005,1,100,1,3030005,1,40,1,3050005,1,80,1,3060005,1,,,,,,,,,,,,,,,,,,,,
6阶宝石,116,100,1,3010006,1,100,1,3020006,1,100,1,3030006,1,40,1,3050006,1,80,1,3060006,1,,,,,,,,,,,,,,,,,,,,
,,,,,,,,,,,,,,,,,,,,,,,,,,,,,,,,,,,,,,,,,
镇元子八卦掉落,81000,100,1,8100201,1,100,1,8100202,1,100,1,8100203,1,100,1,8100204,1,100,1,8100205,1,100,1,8100206,1,50,1,8100207,1,10,1,8100208,1,,,,,,,,
世界boss击杀八卦包,81001,100,2,81000,,100,3,150000,,,,,,,,,,,,,,,,,,,,,,,,,,,,,,,,,
世界boss第一名八卦包,81002,100,2,81000,,50,3,400000,,,,,,,,,,,,,,,,,,,,,,,,,,,,,,,,,
世界boss第二名八卦包,81003,100,2,81000,,100,3,300000,,,,,,,,,,,,,,,,,,,,,,,,,,,,,,,,,
世界boss第三名八卦包,81004,100,2,81000,,150,3,200000,,,,,,,,,,,,,,,,,,,,,,,,,,,,,,,,,
,,,,,,,,,,,,,,,,,,,,,,,,,,,,,,,,,,,,,,,,,
九尾八卦掉落,82000,100,1,8100231,1,100,1,8100232,1,100,1,8100233,1,100,1,8100234,1,100,1,8100235,1,100,1,8100236,1,50,1,8100237,1,10,1,8100238,1,,,,,,,,
积分boss击杀八卦包,82001,10,2,82000,,100,3,15000,,,,,,,,,,,,,,,,,,,,,,,,,,,,,,,,,
积分boss第一名八卦包,82002,10,2,82000,,50,3,40000,,,,,,,,,,,,,,,,,,,,,,,,,,,,,,,,,
积分boss第二名八卦包,82003,10,2,82000,,100,3,30000,,,,,,,,,,,,,,,,,,,,,,,,,,,,,,,,,
积分boss第三名八卦包,82004,10,2,82000,,150,3,20000,,,,,,,,,,,,,,,,,,,,,,,,,,,,,,,,,
,,,,,,,,,,,,,,,,,,,,,,,,,,,,,,,,,,,,,,,,,
猪魔八卦掉落,83000,100,1,8100221,1,100,1,8100222,1,100,1,8100223,1,100,1,8100224,1,100,1,8100225,1,100,1,8100226,1,50,1,8100227,1,10,1,8100228,1,,,,,,,,
公会boss击杀八卦包,83001,50,2,83000,,100,3,75000,,,,,,,,,,,,,,,,,,,,,,,,,,,,,,,,,
公会boss第一名八卦包,83002,50,2,83000,,50,3,200000,,,,,,,,,,,,,,,,,,,,,,,,,,,,,,,,,
公会boss第二名八卦包,83003,50,2,83000,,100,3,150000,,,,,,,,,,,,,,,,,,,,,,,,,,,,,,,,,
公会boss第三名八卦包,83004,50,2,83000,,150,3,100000,,,,,,,,,,,,,,,,,,,,,,,,,,,,,,,,,
,,,,,,,,,,,,,,,,,,,,,,,,,,,,,,,,,,,,,,,,,
,,,,,,,,,,,,,,,,,,,,,,,,,,,,,,,,,,,,,,,,,
,,,,,,,,,,,,,,,,,,,,,,,,,,,,,,,,,,,,,,,,,
1级白武器,5003100,1,5,5003100,,,,,,,,,,,,,,,,,,,,,,,,,,,,,,,,,,,,,
10绿,5022100,1,5,5022100,,,,,,,,,,,,,,,,,,,,,,,,,,,,,,,,,,,,,
20绿,5042100,1,5,5042100,,,,,,,,,,,,,,,,,,,,,,,,,,,,,,,,,,,,,
20蓝,5043100,1,5,5043100,,,,,,,,,,,,,,,,,,,,,,,,,,,,,,,,,,,,,
30绿,5062100,1,5,5062100,,,,,,,,,,,,,,,,,,,,,,,,,,,,,,,,,,,,,
30蓝,5063100,1,5,5063100,,,,,,,,,,,,,,,,,,,,,,,,,,,,,,,,,,,,,
40蓝,5083100,1,5,5083100,,,,,,,,,,,,,,,,,,,,,,,,,,,,,,,,,,,,,
40紫,5084100,1,5,5084100,,,,,,,,,,,,,,,,,,,,,,,,,,,,,,,,,,,,,
50蓝,5103100,1,5,5103100,,,,,,,,,,,,,,,,,,,,,,,,,,,,,,,,,,,,,
50紫,5104100,1,5,5104100,,,,,,,,,,,,,,,,,,,,,,,,,,,,,,,,,,,,,
60紫,5124100,1,5,5124100,,,,,,,,,,,,,,,,,,,,,,,,,,,,,,,,,,,,,
60金,5125100,1,5,5125100,,,,,,,,,,,,,,,,,,,,,,,,,,,,,,,,,,,,,
70紫,5144100,1,5,5144100,,,,,,,,,,,,,,,,,,,,,,,,,,,,,,,,,,,,,
70金,5145100,1,5,5145100,,,,,,,,,,,,,,,,,,,,,,,,,,,,,,,,,,,,,
80金,5165100,1,5,5165100,,,,,,,,,,,,,,,,,,,,,,,,,,,,,,,,,,,,,
80橙,5166100,1,5,5166100,,,,,,,,,,,,,,,,,,,,,,,,,,,,,,,,,,,,,
90金,5185100,1,5,5185100,,,,,,,,,,,,,,,,,,,,,,,,,,,,,,,,,,,,,
90橙,5186100,1,5,5186100,,,,,,,,,,,,,,,,,,,,,,,,,,,,,,,,,,,,,
100橙,5206100,1,5,5206100,,,,,,,,,,,,,,,,,,,,,,,,,,,,,,,,,,,,,
100红,5207100,1,5,5207100,,,,,,,,,,,,,,,,,,,,,,,,,,,,,,,,,,,,,
110橙,5226100,1,5,5226100,,,,,,,,,,,,,,,,,,,,,,,,,,,,,,,,,,,,,
110红,5227100,1,5,5227100,,,,,,,,,,,,,,,,,,,,,,,,,,,,,,,,,,,,,
120红,5247100,1,5,5247100,,,,,,,,,,,,,,,,,,,,,,,,,,,,,,,,,,,,,
130红,5267100,1,5,5267100,,,,,,,,,,,,,,,,,,,,,,,,,,,,,,,,,,,,,
140红,5287100,1,5,5287100,,,,,,,,,,,,,,,,,,,,,,,,,,,,,,,,,,,,,
150红,5307100,1,5,5307100,,,,,,,,,,,,,,,,,,,,,,,,,,,,,,,,,,,,,
,,,,,,,,,,,,,,,,,,,,,,,,,,,,,,,,,,,,,,,,,
,,,,,,,,,,,,,,,,,,,,,,,,,,,,,,,,,,,,,,,,,
,,,,,,,,,,,,,,,,,,,,,,,,,,,,,,,,,,,,,,,,,
,,,,,,,,,,,,,,,,,,,,,,,,,,,,,,,,,,,,,,,,,
,,,,,,,,,,,,,,,,,,,,,,,,,,,,,,,,,,,,,,,,,
,,,,,,,,,,,,,,,,,,,,,,,,,,,,,,,,,,,,,,,,,
,,,,,,,,,,,,,,,,,,,,,,,,,,,,,,,,,,,,,,,,,
,,,,,,,,,,,,,,,,,,,,,,,,,,,,,,,,,,,,,,,,,
,,,,,,,,,,,,,,,,,,,,,,,,,,,,,,,,,,,,,,,,,
,,,,,,,,,,,,,,,,,,,,,,,,,,,,,,,,,,,,,,,,,
,,,,,,,,,,,,,,,,,,,,,,,,,,,,,,,,,,,,,,,,,
,,,,,,,,,,,,,,,,,,,,,,,,,,,,,,,,,,,,,,,,,
,,,,,,,,,,,,,,,,,,,,,,,,,,,,,,,,,,,,,,,,,
,,,,,,,,,,,,,,,,,,,,,,,,,,,,,,,,,,,,,,,,,
,,,,,,,,,,,,,,,,,,,,,,,,,,,,,,,,,,,,,,,,,
20级 低品质 掉落 装备,1020,10,5,5042100,1,10,1,5042010,1,10,1,5042020,1,10,1,5042030,1,0,1,5042040,1,10,1,5042050,1,10,1,5042060,1,10,1,5042070,1,10,1,5042080,1,10,1,5042090,1
30级 低品质 掉落 装备,1030,10,5,5062100,1,10,1,5062010,1,10,1,5062020,1,10,1,5062030,1,0,1,5062040,1,10,1,5062050,1,10,1,5062060,1,10,1,5062070,1,10,1,5062080,1,10,1,5062090,1
40级 低品质 掉落 装备,1040,10,5,5083100,1,10,1,5083010,1,10,1,5083020,1,10,1,5083030,1,0,1,5083040,1,10,1,5083050,1,10,1,5083060,1,10,1,5083070,1,10,1,5083080,1,10,1,5083090,1
50级 低品质 掉落 装备,1050,10,5,5103100,1,10,1,5103010,1,10,1,5103020,1,10,1,5103030,1,0,1,5103040,1,10,1,5103050,1,10,1,5103060,1,10,1,5103070,1,10,1,5103080,1,10,1,5103090,1
60级 低品质 掉落 装备,1060,10,5,5124100,1,10,1,5124010,1,10,1,5124020,1,10,1,5124030,1,0,1,5124040,1,10,1,5124050,1,10,1,5124060,1,10,1,5124070,1,10,1,5124080,1,10,1,5124090,1
70级 低品质 掉落 装备,1070,10,5,5144100,1,10,1,5144010,1,10,1,5144020,1,10,1,5144030,1,0,1,5144040,1,10,1,5144050,1,10,1,5144060,1,10,1,5144070,1,10,1,5144080,1,10,1,5144090,1
80级 低品质 掉落 装备,1080,10,5,5165100,1,10,1,5165010,1,10,1,5165020,1,10,1,5165030,1,0,1,5165040,1,10,1,5165050,1,10,1,5165060,1,10,1,5165070,1,10,1,5165080,1,10,1,5165090,1
90级 低品质 掉落 装备,1090,10,5,5185100,1,10,1,5185010,1,10,1,5185020,1,10,1,5185030,1,0,1,5185040,1,10,1,5185050,1,10,1,5185060,1,10,1,5185070,1,10,1,5185080,1,10,1,5185090,1
100级 低品质 掉落 装备,1100,10,5,5206100,1,10,1,5206010,1,10,1,5206020,1,10,1,5206030,1,0,1,5206040,1,10,1,5206050,1,10,1,5206060,1,10,1,5206070,1,10,1,5206080,1,10,1,5206090,1
110级 低品质 掉落 装备,1110,10,5,5226100,1,10,1,5226010,1,10,1,5226020,1,10,1,5226030,1,0,1,5226040,1,10,1,5226050,1,10,1,5226060,1,10,1,5226070,1,10,1,5226080,1,10,1,5226090,1
120级 低品质 掉落 装备,1120,10,5,5227100,1,10,1,5227010,1,10,1,5227020,1,10,1,5227030,1,0,1,5227040,1,10,1,5227050,1,10,1,5227060,1,10,1,5227070,1,10,1,5227080,1,10,1,5227090,1
130级 低品质 掉落 装备,1130,10,5,5247100,1,10,1,5247010,1,10,1,5247020,1,10,1,5247030,1,0,1,5247040,1,10,1,5247050,1,10,1,5247060,1,10,1,5247070,1,10,1,5247080,1,10,1,5247090,1
140级 低品质 掉落 装备,1140,10,5,5267100,1,10,1,5267010,1,10,1,5267020,1,10,1,5267030,1,0,1,5267040,1,10,1,5267050,1,10,1,5267060,1,10,1,5267070,1,10,1,5267080,1,10,1,5267090,1
150级 低品质 掉落 装备,1150,10,5,5287100,1,10,1,5287010,1,10,1,5287020,1,10,1,5287030,1,0,1,5287040,1,10,1,5287050,1,10,1,5287060,1,10,1,5287070,1,10,1,5287080,1,10,1,5287090,1
160级 低品质 掉落 装备,1160,,,,,,,,,,,,,,,,,,,,,,,,,,,,,,,,,,,,,,,,
170级 低品质 掉落 装备,1170,,,,,,,,,,,,,,,,,,,,,,,,,,,,,,,,,,,,,,,,
180级 低品质 掉落 装备,1180,,,,,,,,,,,,,,,,,,,,,,,,,,,,,,,,,,,,,,,,
,,,,,,,,,,,,,,,,,,,,,,,,,,,,,,,,,,,,,,,,,
,,,,,,,,,,,,,,,,,,,,,,,,,,,,,,,,,,,,,,,,,
,,,,,,,,,,,,,,,,,,,,,,,,,,,,,,,,,,,,,,,,,
,,,,,,,,,,,,,,,,,,,,,,,,,,,,,,,,,,,,,,,,,
30级 高品质 掉落 装备,2030,0,5,5063100,1,10,1,5063010,1,10,1,5063020,1,10,1,5063030,1,0,1,5063040,1,10,1,5063050,1,10,1,5063060,1,10,1,5063070,1,10,1,5063080,1,10,1,5063090,1
40级 高品质 掉落 装备,2040,10,5,5084100,1,10,1,5084010,1,10,1,5084020,1,10,1,5084030,1,0,1,5084040,1,10,1,5084050,1,10,1,5084060,1,10,1,5084070,1,10,1,5084080,1,10,1,5084090,1
50级 高品质 掉落 装备,2050,10,5,5104100,1,10,1,5104010,1,10,1,5104020,1,10,1,5104030,1,0,1,5104040,1,10,1,5104050,1,10,1,5104060,1,10,1,5104070,1,10,1,5104080,1,10,1,5104090,1
60级 高品质 掉落 装备,2060,10,5,5125100,1,10,1,5125010,1,10,1,5125020,1,10,1,5125030,1,0,1,5125040,1,10,1,5125050,1,10,1,5125060,1,10,1,5125070,1,10,1,5125080,1,10,1,5125090,1
70级 高品质 掉落 装备,2070,10,5,5145100,1,10,1,5145010,1,10,1,5145020,1,10,1,5145030,1,0,1,5145040,1,10,1,5145050,1,10,1,5145060,1,10,1,5145070,1,10,1,5145080,1,10,1,5145090,1
80级 高品质 掉落 装备,2080,10,5,5166100,1,10,1,5166010,1,10,1,5166020,1,10,1,5166030,1,0,1,5166040,1,10,1,5166050,1,10,1,5166060,1,10,1,5166070,1,10,1,5166080,1,10,1,5166090,1
90级 高品质 掉落 装备,2090,10,5,5186100,1,10,1,5186010,1,10,1,5186020,1,10,1,5186030,1,0,1,5186040,1,10,1,5186050,1,10,1,5186060,1,10,1,5186070,1,10,1,5186080,1,10,1,5186090,1
100级 高品质 掉落 装备,2100,10,5,5207100,1,10,1,5207010,1,10,1,5207020,1,10,1,5207030,1,0,1,5207040,1,10,1,5207050,1,10,1,5207060,1,10,1,5207070,1,10,1,5207080,1,10,1,5207090,1
110级 高品质 掉落 装备,2110,10,5,5227100,1,10,1,5227010,1,10,1,5227020,1,10,1,5227030,1,0,1,5227040,1,10,1,5227050,1,10,1,5227060,1,10,1,5227070,1,10,1,5227080,1,10,1,5227090,1
120级 高品质 掉落 装备,2120,10,5,5247100,1,10,1,5247010,1,10,1,5247020,1,10,1,5247030,1,0,1,5247040,1,10,1,5247050,1,10,1,5247060,1,10,1,5247070,1,10,1,5247080,1,10,1,5247090,1
130级 高品质 掉落 装备,2130,10,5,5267100,1,10,1,5267010,1,10,1,5267020,1,10,1,5267030,1,0,1,5267040,1,10,1,5267050,1,10,1,5267060,1,10,1,5267070,1,10,1,5267080,1,10,1,5267090,1
140级 高品质 掉落 装备,2140,10,5,5287100,1,10,1,5287010,1,10,1,5287020,1,10,1,5287030,1,0,1,5287040,1,10,1,5287050,1,10,1,5287060,1,10,1,5287070,1,10,1,5287080,1,10,1,5287090,1
150级 高品质 掉落 装备,2150,10,5,5307100,1,10,1,5307010,1,10,1,5307020,1,10,1,5307030,1,0,1,5307040,1,10,1,5307050,1,10,1,5307060,1,10,1,5307070,1,10,1,5307080,1,10,1,5307090,1
160级 高品质 掉落 装备,2160,,,,,,,,,,,,,,,,,,,,,,,,,,,,,,,,,,,,,,,,
170级 高品质 掉落 装备,2170,,,,,,,,,,,,,,,,,,,,,,,,,,,,,,,,,,,,,,,,
180级 高品质 掉落 装备,2180,,,,,,,,,,,,,,,,,,,,,,,,,,,,,,,,,,,,,,,,
,,,,,,,,,,,,,,,,,,,,,,,,,,,,,,,,,,,,,,,,,
20级 高品质 翻牌 装备,3020,10,1,9530002,1,10,1,5043010,1,10,1,5043020,1,10,1,5043030,1,0,1,5043040,1,10,1,5043050,1,10,1,5043060,1,10,1,5043070,1,10,1,5043080,1,10,1,5043090,1
30级 高品质 翻牌 装备,3030,0,1,9530003,1,10,1,5063010,1,10,1,5063020,1,10,1,5063030,1,0,1,5063040,1,10,1,5063050,1,10,1,5063060,1,10,1,5063070,1,10,1,5063080,1,10,1,5063090,1
40级 高品质 翻牌 装备,3040,10,1,9540004,1,10,1,5084010,1,10,1,5084020,1,10,1,5084030,1,0,1,5084040,1,10,1,5084050,1,10,1,5084060,1,10,1,5084070,1,10,1,5084080,1,10,1,5084090,1
50级 高品质 翻牌 装备,3050,10,1,9540005,1,10,1,5104010,1,10,1,5104020,1,10,1,5104030,1,0,1,5104040,1,10,1,5104050,1,10,1,5104060,1,10,1,5104070,1,10,1,5104080,1,10,1,5104090,1
60级 高品质 翻牌 装备,3060,10,1,9550006,1,10,1,5125010,1,10,1,5125020,1,10,1,5125030,1,0,1,5125040,1,10,1,5125050,1,10,1,5125060,1,10,1,5125070,1,10,1,5125080,1,10,1,5125090,1
70级 高品质 翻牌 装备,3070,10,1,9550007,1,10,1,5145010,1,10,1,5145020,1,10,1,5145030,1,0,1,5145040,1,10,1,5145050,1,10,1,5145060,1,10,1,5145070,1,10,1,5145080,1,10,1,5145090,1
80级 高品质 翻牌 装备,3080,10,1,9560008,1,10,1,5166010,1,10,1,5166020,1,10,1,5166030,1,0,1,5166040,1,10,1,5166050,1,10,1,5166060,1,10,1,5166070,1,10,1,5166080,1,10,1,5166090,1
90级 高品质 翻牌 装备,3090,10,1,9560009,1,10,1,5186010,1,10,1,5186020,1,10,1,5186030,1,0,1,5186040,1,10,1,5186050,1,10,1,5186060,1,10,1,5186070,1,10,1,5186080,1,10,1,5186090,1
100级 高品质 翻牌 装备,3100,10,1,9570010,1,10,1,5207010,1,10,1,5207020,1,10,1,5207030,1,0,1,5207040,1,10,1,5207050,1,10,1,5207060,1,10,1,5207070,1,10,1,5207080,1,10,1,5207090,1
110级 高品质 翻牌 装备,3110,10,1,9570011,1,10,1,5227010,1,10,1,5227020,1,10,1,5227030,1,0,1,5227040,1,10,1,5227050,1,10,1,5227060,1,10,1,5227070,1,10,1,5227080,1,10,1,5227090,1
120级 高品质 翻牌 装备,3120,10,1,9570012,1,10,1,5247010,1,10,1,5247020,1,10,1,5247030,1,0,1,5247040,1,10,1,5247050,1,10,1,5247060,1,10,1,5247070,1,10,1,5247080,1,10,1,5247090,1
130级 高品质 翻牌 装备,3130,10,1,9570013,1,10,1,5267010,1,10,1,5267020,1,10,1,5267030,1,0,1,5267040,1,10,1,5267050,1,10,1,5267060,1,10,1,5267070,1,10,1,5267080,1,10,1,5267090,1
140级 高品质 翻牌 装备,3140,10,1,9570014,1,10,1,5287010,1,10,1,5287020,1,10,1,5287030,1,0,1,5287040,1,10,1,5287050,1,10,1,5287060,1,10,1,5287070,1,10,1,5287080,1,10,1,5287090,1
150级 高品质 翻牌 装备,3150,10,1,9570015,1,10,1,5307010,1,10,1,5307020,1,10,1,5307030,1,0,1,5307040,1,10,1,5307050,1,10,1,5307060,1,10,1,5307070,1,10,1,5307080,1,10,1,5307090,1
160级 高品质 翻牌 装备,3160,,,,,,,,,,,,,,,,,,,,,,,,,,,,,,,,,,,,,,,,
170级 高品质 翻牌 装备,3170,,,,,,,,,,,,,,,,,,,,,,,,,,,,,,,,,,,,,,,,
180级 高品质 翻牌 装备,3180,,,,,,,,,,,,,,,,,,,,,,,,,,,,,,,,,,,,,,,,
,,,,,,,,,,,,,,,,,,,,,,,,,,,,,,,,,,,,,,,,,
,,,,,,,,,,,,,,,,,,,,,,,,,,,,,,,,,,,,,,,,,
,,,,,,,,,,,,,,,,,,,,,,,,,,,,,,,,,,,,,,,,,
,,,,,,,,,,,,,,,,,,,,,,,,,,,,,,,,,,,,,,,,,
,,,,,,,,,,,,,,,,,,,,,,,,,,,,,,,,,,,,,,,,,
,,,,,,,,,,,,,,,,,,,,,,,,,,,,,,,,,,,,,,,,,
精英本 低档次 金币,11000,100,1,2020001,1,5,1,2020002,1,,,,,,,,,,,,,,,,,,,,,,,,,,,,,,,,
,,金币,,,,铜钱,,,,灵力,,,,,,,,,,,,,,,,,,,,,,,,,,,,,,,
20精英 低档次,11020,10,2,11000,,300,2,11021,,300,2,11022,,,,,,,,,,,,,,,,,,,,,,,,,,,,,
30精英 低档次,11030,10,2,11000,,300,2,11031,,300,2,11032,,,,,,,,,,,,,,,,,,,,,,,,,,,,,
40精英 低档次,11040,10,2,11000,,300,2,11041,,300,2,11042,,,,,,,,,,,,,,,,,,,,,,,,,,,,,
50精英 低档次,11050,10,2,11000,,300,2,11051,,300,2,11052,,,,,,,,,,,,,,,,,,,,,,,,,,,,,
60精英 低档次,11060,10,2,11000,,300,2,11061,,300,2,11062,,,,,,,,,,,,,,,,,,,,,,,,,,,,,
70精英 低档次,11070,10,2,11000,,300,2,11071,,300,2,11072,,,,,,,,,,,,,,,,,,,,,,,,,,,,,
80精英 低档次,11080,10,2,11000,,300,2,11081,,300,2,11082,,,,,,,,,,,,,,,,,,,,,,,,,,,,,
90精英 低档次,11090,10,2,11000,,300,2,11091,,300,2,11092,,,,,,,,,,,,,,,,,,,,,,,,,,,,,
100精英 低档次,11100,10,2,11000,,300,2,11101,,300,2,11102,,,,,,,,,,,,,,,,,,,,,,,,,,,,,
110精英 低档次,11110,10,2,11000,,300,2,11111,,300,2,11112,,,,,,,,,,,,,,,,,,,,,,,,,,,,,
120精英 低档次,11120,10,2,11000,,300,2,11121,,300,2,11122,,,,,,,,,,,,,,,,,,,,,,,,,,,,,
130精英 低档次,11130,10,2,11000,,300,2,11131,,300,2,11132,,,,,,,,,,,,,,,,,,,,,,,,,,,,,
140精英 低档次,11140,10,2,11000,,300,2,11141,,300,2,11142,,,,,,,,,,,,,,,,,,,,,,,,,,,,,
150精英 低档次,11150,10,2,11000,,300,2,11151,,300,2,11152,,,,,,,,,,,,,,,,,,,,,,,,,,,,,
,,,,,,,,,,,,,,,,,,,,,,,,,,,,,,,,,,,,,,,,,
,,,,,,,,,,,,,,,,,,,,,,,,,,,,,,,,,,,,,,,,,
,,,,0.8,,,,1.1,,,,1.4,,,,1.8,,,,,,,,,,,,,,,,,,,,,,,,,
20精英 低档次 铜钱,11021,100,3,3000,,50,3,4100,,30,3,5200,,10,3,6700,,,,,,,,,,,,,,,,,,,,,,,,,
30精英 低档次 铜钱,11031,100,3,3800,,50,3,5200,,30,3,6600,,10,3,8500,,,,,,,,,,,,,,,,,,,,,,,,,
40精英 低档次 铜钱,11041,100,3,4500,,50,3,6200,,30,3,7900,,10,3,10200,,,,,,,,,,,,,,,,,,,,,,,,,
50精英 低档次 铜钱,11051,100,3,5300,,50,3,7300,,30,3,9300,,10,3,11900,,,,,,,,,,,,,,,,,,,,,,,,,
60精英 低档次 铜钱,11061,100,3,6100,,50,3,8300,,30,3,10600,,10,3,13700,,,,,,,,,,,,,,,,,,,,,,,,,
70精英 低档次 铜钱,11071,100,3,6800,,50,3,9400,,30,3,12000,,10,3,15400,,,,,,,,,,,,,,,,,,,,,,,,,
80精英 低档次 铜钱,11081,100,3,7600,,50,3,10500,,30,3,13300,,10,3,17100,,,,,,,,,,,,,,,,,,,,,,,,,
90精英 低档次 铜钱,11091,100,3,8400,,50,3,11500,,30,3,14600,,10,3,18800,,,,,,,,,,,,,,,,,,,,,,,,,
100精英 低档次 铜钱,11101,100,3,9100,,50,3,12600,,30,3,16000,,10,3,20600,,,,,,,,,,,,,,,,,,,,,,,,,
110精英 低档次 铜钱,11111,100,3,9900,,50,3,13600,,30,3,17300,,10,3,22300,,,,,,,,,,,,,,,,,,,,,,,,,
120精英 低档次 铜钱,11121,100,3,10700,,50,3,14700,,30,3,18700,,10,3,24000,,,,,,,,,,,,,,,,,,,,,,,,,
130精英 低档次 铜钱,11131,100,3,11400,,50,3,15700,,30,3,20000,,10,3,25700,,,,,,,,,,,,,,,,,,,,,,,,,
140精英 低档次 铜钱,11141,100,3,12200,,50,3,16800,,30,3,21400,,10,3,27500,,,,,,,,,,,,,,,,,,,,,,,,,
150精英 低档次 铜钱,11151,100,3,13000,,50,3,17800,,30,3,22700,,10,3,29200,,,,,,,,,,,,,,,,,,,,,,,,,
,,,,,,,,,,,,,,,,,,,,,,,,,,,,,,,,,,,,,,,,,
,,,,0.8,,,,1.1,,,,1.4,,,,1.8,,,,,,,,,,,,,,,,,,,,,,,,,
20精英 低档次 灵力,11022,100,7,700,,50,7,1000,,30,7,1300,,10,7,1700,,,,,,,,,,,,,,,,,,,,,,,,,
30精英 低档次 灵力,11032,100,7,900,,50,7,1300,,30,7,1600,,10,7,2100,,,,,,,,,,,,,,,,,,,,,,,,,
40精英 低档次 灵力,11042,100,7,1100,,50,7,1600,,30,7,2000,,10,7,2500,,,,,,,,,,,,,,,,,,,,,,,,,
50精英 低档次 灵力,11052,100,7,1300,,50,7,1800,,30,7,2300,,10,7,3000,,,,,,,,,,,,,,,,,,,,,,,,,
60精英 低档次 灵力,11062,100,7,1500,,50,7,2100,,30,7,2700,,10,7,3400,,,,,,,,,,,,,,,,,,,,,,,,,
70精英 低档次 灵力,11072,100,7,1700,,50,7,2300,,30,7,3000,,10,7,3800,,,,,,,,,,,,,,,,,,,,,,,,,
80精英 低档次 灵力,11082,100,7,1900,,50,7,2600,,30,7,3300,,10,7,4300,,,,,,,,,,,,,,,,,,,,,,,,,
90精英 低档次 灵力,11092,100,7,2100,,50,7,2900,,30,7,3700,,10,7,4700,,,,,,,,,,,,,,,,,,,,,,,,,
100精英 低档次 灵力,11102,100,7,2300,,50,7,3100,,30,7,4000,,10,7,5100,,,,,,,,,,,,,,,,,,,,,,,,,
110精英 低档次 灵力,11112,100,7,2500,,50,7,3400,,30,7,4300,,10,7,5600,,,,,,,,,,,,,,,,,,,,,,,,,
120精英 低档次 灵力,11122,100,7,2700,,50,7,3700,,30,7,4700,,10,7,6000,,,,,,,,,,,,,,,,,,,,,,,,,
130精英 低档次 灵力,11132,100,7,2900,,50,7,3900,,30,7,5000,,10,7,6400,,,,,,,,,,,,,,,,,,,,,,,,,
140精英 低档次 灵力,11142,100,7,3100,,50,7,4200,,30,7,5300,,10,7,6900,,,,,,,,,,,,,,,,,,,,,,,,,
150精英 低档次 灵力,11152,100,7,3200,,50,7,4500,,30,7,5700,,10,7,7300,,,,,,,,,,,,,,,,,,,,,,,,,
,,,,,,,,,,,,,,,,,,,,,,,,,,,,,,,,,,,,,,,,,
,,,,,,,,,,,,,,,,,,,,,,,,,,,,,,,,,,,,,,,,,
,,,,,20,,,,50,,,,,,,,,,,,,,,,,,,,,,,,,,,,,,,,
精英本 中档次 金币,12000,100,1,2020002,1,5,1,2020003,1,,,,,,,,,,,,,,,,,,,,,,,,,,,,,,,,
,,,,金币,,装备,,,,,,突破丹,,,,,,,,,,,,,,,,,,,,,,,,,,,,,
20精英 中档次 ,12020,10,2,12000,,400,2,3020,,200,1,1000005,1,,,,,,,,,,,,,,,,,,,,,,,,,,,,
30精英 中档次 ,12030,10,2,12000,,400,2,3030,,200,1,1000005,1,,,,,,,,,,,,,,,,,,,,,,,,,,,,
40精英 中档次,12040,10,2,12000,,400,2,3040,,200,1,1000005,1,,,,,,,,,,,,,,,,,,,,,,,,,,,,
50精英 中档次,12050,10,2,12000,,400,2,3050,,200,1,1000005,1,,,,,,,,,,,,,,,,,,,,,,,,,,,,
60精英 中档次,12060,10,2,12000,,400,2,3060,,200,1,1000005,1,,,,,,,,,,,,,,,,,,,,,,,,,,,,
70精英 中档次,12070,10,2,12000,,400,2,3070,,200,1,1000005,1,,,,,,,,,,,,,,,,,,,,,,,,,,,,
80精英 中档次,12080,10,2,12000,,400,2,3080,,200,1,1000005,1,,,,,,,,,,,,,,,,,,,,,,,,,,,,
90精英 中档次,12090,10,2,12000,,400,2,3090,,200,1,1000005,1,,,,,,,,,,,,,,,,,,,,,,,,,,,,
100精英 中档次,12100,10,2,12000,,400,2,3100,,200,1,1000005,1,,,,,,,,,,,,,,,,,,,,,,,,,,,,
110精英 中档次,12110,10,2,12000,,400,2,3110,,200,1,1000005,1,,,,,,,,,,,,,,,,,,,,,,,,,,,,
120精英 中档次,12120,10,2,12000,,400,2,3120,,200,1,1000005,1,,,,,,,,,,,,,,,,,,,,,,,,,,,,
130精英 中档次,12130,10,2,12000,,400,2,3130,,200,1,1000005,1,,,,,,,,,,,,,,,,,,,,,,,,,,,,
140精英 中档次,12140,10,2,12000,,400,2,3140,,200,1,1000005,1,,,,,,,,,,,,,,,,,,,,,,,,,,,,
150精英 中档次,12150,10,2,12000,,400,2,3150,,200,1,1000005,1,,,,,,,,,,,,,,,,,,,,,,,,,,,,
,,,,,,,,,,,,,,,,,,,,,,,,,,,,,,,,,,,,,,,,,
,,,,,50,,,,100,,,,,,,,,,,,,,,,,,,,,,,,,,,,,,,,
精英本 高档次 金币,13000,100,1,2020003,1,5,1,2020004,1,,,,,,,,,,,,,,,,,,,,,,,,,,,,,,,,
,,,,金币,,,,突破丹,,,,精英令牌,,,,,,,,,,,,,,,,,,,,,,,,,,,,,
20级精英 高档次,13020,10,2,13000,,200,1,1000005,1,200,1,1000006,1,,,,,,,,,,,,,,,,,,,,,,,,,,,,
30级精英 高档次,13030,10,2,13000,,200,1,1000005,1,200,1,1000006,1,,,,,,,,,,,,,,,,,,,,,,,,,,,,
40级精英 高档次,13040,10,2,13000,,200,1,1000005,1,200,1,1000006,1,,,,,,,,,,,,,,,,,,,,,,,,,,,,
50级精英 高档次,13050,10,2,13000,,200,1,1000005,1,200,1,1000006,1,,,,,,,,,,,,,,,,,,,,,,,,,,,,
60级精英 高档次,13060,10,2,13000,,200,1,1000005,1,200,1,1000006,1,,,,,,,,,,,,,,,,,,,,,,,,,,,,
70级精英 高档次,13070,10,2,13000,,200,1,1000005,1,200,1,1000006,1,,,,,,,,,,,,,,,,,,,,,,,,,,,,
80级精英 高档次,13080,10,2,13000,,200,1,1000005,1,200,1,1000006,1,,,,,,,,,,,,,,,,,,,,,,,,,,,,
90级精英 高档次,13090,10,2,13000,,200,1,1000005,1,200,1,1000006,1,,,,,,,,,,,,,,,,,,,,,,,,,,,,
100级精英 高档次,13100,10,2,13000,,200,1,1000005,1,200,1,1000006,1,,,,,,,,,,,,,,,,,,,,,,,,,,,,
110级精英 高档次,13110,10,2,13000,,200,1,1000005,1,200,1,1000006,1,,,,,,,,,,,,,,,,,,,,,,,,,,,,
120级精英 高档次,13120,10,2,13000,,200,1,1000005,1,200,1,1000006,1,,,,,,,,,,,,,,,,,,,,,,,,,,,,
130级精英 高档次,13130,10,2,13000,,200,1,1000005,1,200,1,1000006,1,,,,,,,,,,,,,,,,,,,,,,,,,,,,
140级精英 高档次,13140,10,2,13000,,200,1,1000005,1,200,1,1000006,1,,,,,,,,,,,,,,,,,,,,,,,,,,,,
150级精英 高档次,13150,10,2,13000,,200,1,1000005,1,200,1,1000006,1,,,,,,,,,,,,,,,,,,,,,,,,,,,,
,,,,,,,,,,,,,,,,,,,,,,,,,,,,,,,,,,,,,,,,,
,,,,,,,,,,,,,,,,,,,,,,,,,,,,,,,,,,,,,,,,,
,,,,,,,,,,,,,,,,,,,,,,,,,,,,,,,,,,,,,,,,,
,,,,,,,,,,,,,,,,,,,,,,,,,,,,,,,,,,,,,,,,,
,,,,,,,,,,,,,,,,,,,,,,,,,,,,,,,,,,,,,,,,,
,,,,,,,,,,,,,,,,,,,,,,,,,,,,,,,,,,,,,,,,,
,,,,,,,,,,,,,,,,,,,,,,,,,,,,,,,,,,,,,,,,,
,,,,,,,,,,,,,,,,,,,,,,,,,,,,,,,,,,,,,,,,,
,,,,,,,,,,,,,,,,,,,,,,,,,,,,,,,,,,,,,,,,,
,,,,,,,,,,,,,,,,,,,,,,,,,,,,,,,,,,,,,,,,,
,,,,,10,,,,20,,,,50,,,,,,,,,,,,,,,,,,,,,,,,,,,,
魔王本 低档次 金币,21000,100,1,2020001,1,5,1,2020002,1,2,1,2020003,1,,,,,,,,,,,,,,,,,,,,,,,,,,,,
,,金币,,,,铜钱,,,,灵力,,,,蓝宝石,,,,紫宝石,,,,,,残片,,,,突破丹,,,,,,,,,,,,,
魔王广目天王 低档次,21060,10,2,21000,,200,2,21061,,180,2,21062,,50,2,112,,20,2,113,,100,1,1000004,1,100,1,1000005,1,,,,,,,,,,,,
魔王增长天王 低档次,21070,10,2,21000,,200,2,21071,,180,2,21072,,50,2,112,,20,2,113,,100,1,1000004,1,100,1,1000005,1,,,,,,,,,,,,
魔王持国天王 低档次,21080,10,2,21000,,200,2,21081,,180,2,21082,,50,2,112,,20,2,113,,100,1,1000004,1,100,1,1000005,1,,,,,,,,,,,,
魔王多闻天王 低档次,21090,10,2,21000,,200,2,21091,,180,2,21092,,50,2,112,,20,2,113,,100,1,1000004,1,100,1,1000005,1,,,,,,,,,,,,
魔王六道阎罗 低档次,21100,10,2,21000,,200,2,21101,,180,2,21102,,50,2,112,,20,2,113,,100,1,1000004,1,100,1,1000005,1,,,,,,,,,,,,
魔王托塔天王 低档次,21110,10,2,21000,,200,2,21111,,180,2,21112,,50,2,112,,20,2,113,,100,1,1000004,1,100,1,1000005,1,,,,,,,,,,,,
魔王寅将军 低档次,21120,10,2,21000,,200,2,21121,,180,2,21122,,50,2,112,,20,2,113,,100,1,1000004,1,100,1,1000005,1,,,,,,,,,,,,
魔王熊罴怪 低档次,21130,10,2,21000,,200,2,21131,,180,2,21132,,50,2,112,,20,2,113,,100,1,1000004,1,100,1,1000005,1,,,,,,,,,,,,
魔王猴脸雷公 低档次,21140,10,2,21000,,200,2,21141,,180,2,21142,,50,2,112,,20,2,113,,100,1,1000004,1,100,1,1000005,1,,,,,,,,,,,,
魔王二郎神 低档次,21150,10,2,21000,,200,2,21151,,180,2,21152,,50,2,112,,20,2,113,,100,1,1000004,1,100,1,1000005,1,,,,,,,,,,,,
魔王哪吒 低档次,21160,10,2,21000,,200,2,21161,,180,2,21162,,50,2,112,,20,2,113,,100,1,1000004,1,100,1,1000005,1,,,,,,,,,,,,
魔王沙僧 低档次,21170,10,2,21000,,200,2,21171,,180,2,21172,,50,2,112,,20,2,113,,100,1,1000004,1,100,1,1000005,1,,,,,,,,,,,,
魔王白骨夫人 低档次,21180,10,2,21000,,200,2,21181,,180,2,21182,,50,2,112,,20,2,113,,100,1,1000004,1,100,1,1000005,1,,,,,,,,,,,,
魔王奎木狼 低档次,21190,10,2,21000,,200,2,21191,,180,2,21192,,50,2,112,,20,2,113,,100,1,1000004,1,100,1,1000005,1,,,,,,,,,,,,
魔王金角大王 低档次,21200,10,2,21000,,200,2,21201,,180,2,21202,,50,2,112,,20,2,113,,100,1,1000004,1,100,1,1000005,1,,,,,,,,,,,,
魔王圣婴大王 低档次,21210,10,2,21000,,200,2,21211,,180,2,21212,,50,2,112,,20,2,113,,100,1,1000004,1,100,1,1000005,1,,,,,,,,,,,,
110 低档次,21220,10,2,21000,,200,2,21221,,180,2,21222,,50,2,112,,20,2,113,,100,1,1000004,1,100,1,1000005,1,,,,,,,,,,,,
115 低档次,21230,10,2,21000,,200,2,21231,,180,2,21232,,50,2,112,,20,2,113,,,,,,,,,,,,,,,,,,,,,
120 低档次,21240,10,,,,,,,,,,,,,,,,,,,,,,,,,,,,,,,,,,,,,,,
125 低档次,21250,10,,,,,,,,,,,,,,,,,,,,,,,,,,,,,,,,,,,,,,,
130 低档次,21260,10,,,,,,,,,,,,,,,,,,,,,,,,,,,,,,,,,,,,,,,
135 低档次,21270,10,,,,,,,,,,,,,,,,,,,,,,,,,,,,,,,,,,,,,,,
140 低档次,21280,10,,,,,,,,,,,,,,,,,,,,,,,,,,,,,,,,,,,,,,,
145 低档次,21290,10,,,,,,,,,,,,,,,,,,,,,,,,,,,,,,,,,,,,,,,
150 低档次,21300,10,,,,,,,,,,,,,,,,,,,,,,,,,,,,,,,,,,,,,,,
,,,,,,,,,,,,,,,,,,,,,,,,,,,,,,,,,,,,,,,,,
,,,,0.8,,,,1.1,,,,1.4,,,,1.8,,,,,,,,,,,,,,,,,,,,,,,,,
魔王广目天王 低档次 铜钱,21061,100,3,6900,,50,3,9500,,30,3,12100,,10,3,15500,,,,,,,,,,,,,,,,,,,,,,,,,
魔王增长天王 低档次 铜钱,21071,100,3,7600,,50,3,10500,,30,3,13300,,10,3,17100,,,,,,,,,,,,,,,,,,,,,,,,,
魔王持国天王 低档次 铜钱,21081,100,3,8300,,50,3,11400,,30,3,14500,,10,3,18700,,,,,,,,,,,,,,,,,,,,,,,,,
魔王多闻天王 低档次 铜钱,21091,100,3,9000,,50,3,12400,,30,3,15800,,10,3,20300,,,,,,,,,,,,,,,,,,,,,,,,,
魔王六道阎罗 低档次 铜钱,21101,100,3,9700,,50,3,13400,,30,3,17000,,10,3,21900,,,,,,,,,,,,,,,,,,,,,,,,,
魔王托塔天王 低档次 铜钱,21111,100,3,10400,,50,3,14300,,30,3,18200,,10,3,23400,,,,,,,,,,,,,,,,,,,,,,,,,
魔王寅将军 低档次 铜钱,21121,100,3,11100,,50,3,15300,,30,3,19500,,10,3,25000,,,,,,,,,,,,,,,,,,,,,,,,,
魔王熊罴怪 低档次 铜钱,21131,100,3,11800,,50,3,16300,,30,3,20700,,10,3,26600,,,,,,,,,,,,,,,,,,,,,,,,,
魔王猴脸雷公 低档次  铜钱,21141,100,3,12500,,50,3,17200,,30,3,21900,,10,3,28200,,,,,,,,,,,,,,,,,,,,,,,,,
魔王二郎神 低档次 铜钱,21151,100,3,13200,,50,3,18200,,30,3,23200,,10,3,29800,,,,,,,,,,,,,,,,,,,,,,,,,
魔王哪吒 低档次 铜钱,21161,100,3,13900,,50,3,19200,,30,3,24400,,10,3,31400,,,,,,,,,,,,,,,,,,,,,,,,,
魔王沙僧 低档次 铜钱,21171,100,3,14600,,50,3,20100,,30,3,25600,,10,3,32900,,,,,,,,,,,,,,,,,,,,,,,,,
魔王白骨夫人 低档次 铜钱,21181,100,3,15300,,50,3,21100,,30,3,26900,,10,3,34500,,,,,,,,,,,,,,,,,,,,,,,,,
魔王奎木狼 低档次 铜钱,21191,100,3,16100,,50,3,22100,,30,3,28100,,10,3,36100,,,,,,,,,,,,,,,,,,,,,,,,,
魔王金角大王 低档次 铜钱,21201,100,3,16800,,50,3,23000,,30,3,29300,,10,3,37700,,,,,,,,,,,,,,,,,,,,,,,,,
魔王圣婴大王 低档次 铜钱,21211,100,3,17500,,50,3,24000,,30,3,30600,,10,3,39300,,,,,,,,,,,,,,,,,,,,,,,,,
110 低档次 铜钱,21221,,,,,,,,,,,,,,,,,,,,,,,,,,,,,,,,,,,,,,,,
115 低档次 铜钱,21231,,,,,,,,,,,,,,,,,,,,,,,,,,,,,,,,,,,,,,,,
120 低档次 铜钱,21241,,,,,,,,,,,,,,,,,,,,,,,,,,,,,,,,,,,,,,,,
125 低档次 铜钱,21251,,,,,,,,,,,,,,,,,,,,,,,,,,,,,,,,,,,,,,,,
130 低档次 铜钱,21261,,,,,,,,,,,,,,,,,,,,,,,,,,,,,,,,,,,,,,,,
135 低档次 铜钱,21271,,,,,,,,,,,,,,,,,,,,,,,,,,,,,,,,,,,,,,,,
140 低档次 铜钱,21281,,,,,,,,,,,,,,,,,,,,,,,,,,,,,,,,,,,,,,,,
145 低档次 铜钱,21291,,,,,,,,,,,,,,,,,,,,,,,,,,,,,,,,,,,,,,,,
150 低档次 铜钱,21301,,,,,,,,,,,,,,,,,,,,,,,,,,,,,,,,,,,,,,,,
,,,,,,,,,,,,,,,,,,,,,,,,,,,,,,,,,,,,,,,,,
,,,,0.8,,,,1.1,,,,1.4,,,,1.8,,,,,,,,,,,,,,,,,,,,,,,,,
魔王广目天王 低档次 灵力,21062,100,7,1700,,50,7,2400,,30,7,3000,,10,7,3900,,,,,,,,,,,,,,,,,,,,,,,,,
魔王增长天王 低档次 灵力,21072,100,7,1900,,50,7,2600,,30,7,3300,,10,7,4300,,,,,,,,,,,,,,,,,,,,,,,,,
魔王持国天王 低档次 灵力,21082,100,7,2100,,50,7,2900,,30,7,3600,,10,7,4700,,,,,,,,,,,,,,,,,,,,,,,,,
魔王多闻天王 低档次 灵力,21092,100,7,2300,,50,7,3100,,30,7,3900,,10,7,5100,,,,,,,,,,,,,,,,,,,,,,,,,
魔王六道阎罗 低档次 灵力,21102,100,7,2400,,50,7,3300,,30,7,4300,,10,7,5500,,,,,,,,,,,,,,,,,,,,,,,,,
魔王托塔天王 低档次 灵力,21112,100,7,2600,,50,7,3600,,30,7,4600,,10,7,5900,,,,,,,,,,,,,,,,,,,,,,,,,
魔王寅将军 低档次 灵力,21122,100,7,2800,,50,7,3800,,30,7,4900,,10,7,6300,,,,,,,,,,,,,,,,,,,,,,,,,
魔王熊罴怪 低档次 灵力,21132,100,7,3000,,50,7,4100,,30,7,5200,,10,7,6700,,,,,,,,,,,,,,,,,,,,,,,,,
魔王猴脸雷公 低档次  灵力,21142,100,7,3100,,50,7,4300,,30,7,5500,,10,7,7000,,,,,,,,,,,,,,,,,,,,,,,,,
魔王二郎神 低档次 灵力,21152,100,7,3300,,50,7,4500,,30,7,5800,,10,7,7400,,,,,,,,,,,,,,,,,,,,,,,,,
魔王哪吒 低档次 灵力,21162,100,7,3500,,50,7,4800,,30,7,6100,,10,7,7800,,,,,,,,,,,,,,,,,,,,,,,,,
魔王沙僧 低档次 灵力,21172,100,7,3700,,50,7,5000,,30,7,6400,,10,7,8200,,,,,,,,,,,,,,,,,,,,,,,,,
魔王白骨夫人 低档次 灵力,21182,100,7,3800,,50,7,5300,,30,7,6700,,10,7,8600,,,,,,,,,,,,,,,,,,,,,,,,,
魔王奎木狼 低档次 灵力,21192,100,7,4000,,50,7,5500,,30,7,7000,,10,7,9000,,,,,,,,,,,,,,,,,,,,,,,,,
魔王金角大王 低档次 灵力,21202,100,7,4200,,50,7,5800,,30,7,7300,,10,7,9400,,,,,,,,,,,,,,,,,,,,,,,,,
魔王圣婴大王 低档次 灵力,21212,100,7,4400,,50,7,6000,,30,7,7600,,10,7,9800,,,,,,,,,,,,,,,,,,,,,,,,,
110 低档次 灵力,21222,,,,,,,,,,,,,,,,,,,,,,,,,,,,,,,,,,,,,,,,
115 低档次 灵力,21232,,,,,,,,,,,,,,,,,,,,,,,,,,,,,,,,,,,,,,,,
120 低档次 灵力,21242,,,,,,,,,,,,,,,,,,,,,,,,,,,,,,,,,,,,,,,,
125 低档次 灵力,21252,,,,,,,,,,,,,,,,,,,,,,,,,,,,,,,,,,,,,,,,
130 低档次 灵力,21262,,,,,,,,,,,,,,,,,,,,,,,,,,,,,,,,,,,,,,,,
135 低档次 灵力,21272,,,,,,,,,,,,,,,,,,,,,,,,,,,,,,,,,,,,,,,,
140 低档次 灵力,21282,,,,,,,,,,,,,,,,,,,,,,,,,,,,,,,,,,,,,,,,
145 低档次 灵力,21292,,,,,,,,,,,,,,,,,,,,,,,,,,,,,,,,,,,,,,,,
150 低档次 灵力,21302,,,,,,,,,,,,,,,,,,,,,,,,,,,,,,,,,,,,,,,,
,,,,,,,,,,,,,,,,,,,,,,,,,,,,,,,,,,,,,,,,,
,,,,,100,,,,200,,,,500,,,,1000,,,,,,,,,,,,,,,,,,,,,,,,
,,,,,,,,,,,,,,,,,,,,,,,,,,,,,,,,,,,,,,,,,
,,,,,20,,,,50,,,,100,,,,,,,,,,,,,,,,,,,,,,,,,,,,
魔王本 中档次 金币,22000,100,1,2020002,1,5,1,2020003,1,1,1,2020004,1,,,,,,,,,,,,,,,,,,,,,,,,,,,,
,,,,金币,,,,金宝石,,紫宝石,,,,装备,,,,,,残片,,,,突破丹,,,,,,,,,,,,,,,,,
魔王广目天王 中档次,22060,10,2,22000,,200,2,114,,300,2,113,,300,2,3030,,200,1,1000004,1,200,1,1000005,1,,,,,,,,,,,,,,,,
魔王增长天王 中档次,22070,10,2,22000,,200,2,114,,300,2,113,,300,2,3030,,200,1,1000004,1,200,1,1000005,1,,,,,,,,,,,,,,,,
魔王持国天王 中档次,22080,10,2,22000,,200,2,114,,300,2,113,,300,2,3040,,200,1,1000004,1,200,1,1000005,1,,,,,,,,,,,,,,,,
魔王多闻天王 中档次,22090,10,2,22000,,200,2,114,,300,2,113,,300,2,3040,,200,1,1000004,1,200,1,1000005,1,,,,,,,,,,,,,,,,
魔王六道阎罗 中档次,22100,10,2,22000,,200,2,114,,300,2,113,,300,2,3050,,200,1,1000004,1,200,1,1000005,1,,,,,,,,,,,,,,,,
魔王托塔天王 中档次,22110,10,2,22000,,200,2,114,,300,2,113,,300,2,3050,,200,1,1000004,1,200,1,1000005,1,,,,,,,,,,,,,,,,
魔王寅将军 中档次,22120,10,2,22000,,200,2,114,,300,2,113,,300,2,3060,,200,1,1000004,1,200,1,1000005,1,,,,,,,,,,,,,,,,
魔王熊罴怪 中档次,22130,10,2,22000,,200,2,114,,300,2,113,,300,2,3060,,200,1,1000004,1,200,1,1000005,1,,,,,,,,,,,,,,,,
魔王猴脸雷公 中档次,22140,10,2,22000,,200,2,114,,300,2,113,,300,2,3070,,200,1,1000004,1,200,1,1000005,1,,,,,,,,,,,,,,,,
魔王二郎神 中档次,22150,10,2,22000,,200,2,114,,300,2,113,,300,2,3070,,200,1,1000004,1,200,1,1000005,1,,,,,,,,,,,,,,,,
魔王哪吒 中档次,22160,10,2,22000,,200,2,114,,300,2,113,,300,2,3080,,200,1,1000004,1,200,1,1000005,1,,,,,,,,,,,,,,,,
魔王沙僧 中档次,22170,10,2,22000,,200,2,114,,300,2,113,,300,2,3080,,200,1,1000004,1,200,1,1000005,1,,,,,,,,,,,,,,,,
魔王白骨夫人 中档次,22180,10,2,22000,,200,2,114,,300,2,113,,300,2,3090,,200,1,1000004,1,200,1,1000005,1,,,,,,,,,,,,,,,,
魔王奎木狼 中档次,22190,10,2,22000,,200,2,114,,300,2,113,,300,2,3090,,200,1,1000004,1,200,1,1000005,1,,,,,,,,,,,,,,,,
魔王金角大王 中档次,22200,10,2,22000,,200,2,114,,300,2,113,,300,2,3100,,200,1,1000004,1,200,1,1000005,1,,,,,,,,,,,,,,,,
魔王圣婴大王 中档次,22210,10,2,22000,,200,2,114,,300,2,113,,300,2,3100,,200,1,1000004,1,200,1,1000005,1,,,,,,,,,,,,,,,,
110 中档次,22220,10,2,22000,,200,2,114,,300,2,113,,300,2,3110,,200,1,1000004,1,200,1,1000005,1,,,,,,,,,,,,,,,,
115 中档次,22230,10,2,22000,,,,,,300,2,113,,,,,,,,,,,,,,,,,,,,,,,,,,,,,
120 中档次,22240,10,,,,,,,,,,,,,,,,,,,,,,,,,,,,,,,,,,,,,,,
125 中档次,22250,,,,,,,,,,,,,,,,,,,,,,,,,,,,,,,,,,,,,,,,
130 中档次,22260,,,,,,,,,,,,,,,,,,,,,,,,,,,,,,,,,,,,,,,,
135 中档次,22270,,,,,,,,,,,,,,,,,,,,,,,,,,,,,,,,,,,,,,,,
140 中档次,22280,,,,,,,,,,,,,,,,,,,,,,,,,,,,,,,,,,,,,,,,
145 中档次,22290,,,,,,,,,,,,,,,,,,,,,,,,,,,,,,,,,,,,,,,,
150 中档次,22300,,,,,,,,,,,,,,,,,,,,,,,,,,,,,,,,,,,,,,,,
,,,,,,,,,,,,,,,,,,,,,,,,,,,,,,,,,,,,,,,,,
,,,,,,,,,,,,,,,,,,,,,,,,,,,,,,,,,,,,,,,,,
,,,,,50,,,,100,,,,200,,,,,,,,,,,,,,,,,,,,,,,,,,,,
魔王本 高档次 金币,23000,100,1,2020003,1,5,1,2020004,1,1,1,2020005,1,,,,,,,,,,,,,,,,,,,,,,,,,,,,
,,,,金币,,,,橙宝石,,,,残片,,,,魔王令牌,,,,突破丹,,,,,,,,,,,,,,,,,,,,,
魔王广目天王 高档次,23060,10,2,23000,,50,2,115,1,200,1,1000004,1,100,1,1000007,1,200,1,1000005,1,,,,,,,,,,,,,,,,,,,,
魔王增长天王 高档次,23070,10,2,23000,,50,2,115,1,200,1,1000004,1,100,1,1000007,1,200,1,1000005,1,,,,,,,,,,,,,,,,,,,,
魔王持国天王 高档次,23080,10,2,23000,,50,2,115,1,200,1,1000004,1,100,1,1000007,1,200,1,1000005,1,,,,,,,,,,,,,,,,,,,,
魔王多闻天王 高档次,23090,10,2,23000,,50,2,115,1,200,1,1000004,1,100,1,1000007,1,200,1,1000005,1,,,,,,,,,,,,,,,,,,,,
魔王六道阎罗 高档次,23100,10,2,23000,,50,2,115,1,200,1,1000004,1,100,1,1000007,1,200,1,1000005,1,,,,,,,,,,,,,,,,,,,,
魔王托塔天王 高档次,23110,10,2,23000,,50,2,115,1,200,1,1000004,1,100,1,1000007,1,200,1,1000005,1,,,,,,,,,,,,,,,,,,,,
魔王寅将军 高档次,23120,10,2,23000,,50,2,115,1,200,1,1000004,1,100,1,1000007,1,200,1,1000005,1,,,,,,,,,,,,,,,,,,,,
魔王熊罴怪 高档次,23130,10,2,23000,,50,2,115,1,200,1,1000004,1,100,1,1000007,1,200,1,1000005,1,,,,,,,,,,,,,,,,,,,,
魔王猴脸雷公 高档次,23140,10,2,23000,,50,2,115,1,200,1,1000004,1,100,1,1000007,1,200,1,1000005,1,,,,,,,,,,,,,,,,,,,,
魔王二郎神 高档次,23150,10,2,23000,,50,2,115,1,200,1,1000004,1,100,1,1000007,1,200,1,1000005,1,,,,,,,,,,,,,,,,,,,,
魔王哪吒 高档次,23160,10,2,23000,,50,2,115,1,200,1,1000004,1,100,1,1000007,1,200,1,1000005,1,,,,,,,,,,,,,,,,,,,,
魔王沙僧 高档次,23170,10,2,23000,,50,2,115,1,200,1,1000004,1,100,1,1000007,1,200,1,1000005,1,,,,,,,,,,,,,,,,,,,,
魔王白骨夫人 高档次,23180,10,2,23000,,50,2,115,1,200,1,1000004,1,100,1,1000007,1,200,1,1000005,1,,,,,,,,,,,,,,,,,,,,
魔王奎木狼 高档次,23190,10,2,23000,,50,2,115,1,200,1,1000004,1,100,1,1000007,1,200,1,1000005,1,,,,,,,,,,,,,,,,,,,,
魔王金角大王 高档次,23200,10,2,23000,,50,2,115,1,200,1,1000004,1,100,1,1000007,1,200,1,1000005,1,,,,,,,,,,,,,,,,,,,,
魔王圣婴大王 高档次,23210,10,2,23000,,50,2,115,1,200,1,1000004,1,100,1,1000007,1,200,1,1000005,1,,,,,,,,,,,,,,,,,,,,
110 高档次,23220,10,2,23000,,,,,,,,,,,,,,,,,,,,,,,,,,,,,,,,,,,,,
115 高档次,23230,10,2,23000,,,,,,,,,,,,,,,,,,,,,,,,,,,,,,,,,,,,,
120 高档次,23240,10,,,,,,,,,,,,,,,,,,,,,,,,,,,,,,,,,,,,,,,
125 高档次,23250,,,,,,,,,,,,,,,,,,,,,,,,,,,,,,,,,,,,,,,,
130 高档次,23260,,,,,,,,,,,,,,,,,,,,,,,,,,,,,,,,,,,,,,,,
135 高档次,23270,,,,,,,,,,,,,,,,,,,,,,,,,,,,,,,,,,,,,,,,
140 高档次,23280,,,,,,,,,,,,,,,,,,,,,,,,,,,,,,,,,,,,,,,,
145 高档次,23290,,,,,,,,,,,,,,,,,,,,,,,,,,,,,,,,,,,,,,,,
150 高档次,23300,,,,,,,,,,,,,,,,,,,,,,,,,,,,,,,,,,,,,,,,
